{
  "placeholder_stats": true,
  "note": "placeholder_stats=true \u21d2 at least one run's eval_results.json has placeholder=true. Numbers are NOT real LIBERO success rates; re-run run_eval_libero.sh on GPU and re-aggregate.",
  "configs": [
    "baseline",
    "ident",
    "a",
    "b",
    "c",
    "ab",
    "ac",
    "bc",
    "pace",
    "pcar_only",
    "full",
    "pcar_noident"
  ],
  "seeds": [
    42,
    123,
    2024
  ],
  "num_configs": 12,
  "num_seeds": 3,
  "per_config": {
    "baseline": {
      "kind": "baseline",
      "libero_long": {
        "n": 3,
        "mean": 0.5693381209287643,
        "std": 0.0070168891928105315,
        "ci95_half": 0.017432325925267656,
        "values": [
          0.5687006562490463,
          0.5626617147402763,
          0.5766519917969704
        ]
      },
      "libero_spatial": {
        "n": 3,
        "mean": 0.8020051209287642,
        "std": 0.0044003075591040166,
        "ci95_half": 0.01093185219745445,
        "values": [
          0.8020496562490462,
          0.7975827147402763,
          0.8063829917969703
        ]
      },
      "vs_baseline_long": {
        "n_pairs": 3,
        "delta_mean": 0.0,
        "delta_std": 0.0,
        "p_value": 1.0
      },
      "vs_baseline_spatial": {
        "n_pairs": 3,
        "delta_mean": 0.0,
        "delta_std": 0.0,
        "p_value": 1.0
      }
    },
    "ident": {
      "kind": "single",
      "libero_long": {
        "n": 3,
        "mean": 0.5483438742554982,
        "std": 0.018987293276132012,
        "ci95_half": 0.04717085815852838,
        "values": [
          0.5264195868721008,
          0.5594133631916046,
          0.5591986727027893
        ]
      },
      "libero_spatial": {
        "n": 3,
        "mean": 0.7844148742554982,
        "std": 0.008770750131261648,
        "ci95_half": 0.021789509666746927,
        "values": [
          0.7743325868721008,
          0.7886273631916045,
          0.7902846727027892
        ]
      },
      "vs_baseline_long": {
        "n_pairs": 3,
        "delta_mean": -0.020994246673266066,
        "delta_std": 0.019755806522530443,
        "p_value": 1.0
      },
      "vs_baseline_spatial": {
        "n_pairs": 3,
        "delta_mean": -0.017590246673266068,
        "delta_std": 0.009469419195117831,
        "p_value": 1.0
      }
    },
    "a": {
      "kind": "single",
      "libero_long": {
        "n": 3,
        "mean": 0.575536654943625,
        "std": 0.01630068928212572,
        "ci95_half": 0.04049642520558548,
        "values": [
          0.5943110055322647,
          0.5649853099651336,
          0.5673136493334769
        ]
      },
      "libero_spatial": {
        "n": 3,
        "mean": 0.7939666549436252,
        "std": 0.0090083550996892,
        "ci95_half": 0.022379800768298867,
        "values": [
          0.8042300055322646,
          0.7873693099651335,
          0.790300649333477
        ]
      },
      "vs_baseline_long": {
        "n_pairs": 3,
        "delta_mean": 0.006198534014860775,
        "delta_std": 0.017793654112390037,
        "p_value": 0.3079931545936496
      },
      "vs_baseline_spatial": {
        "n_pairs": 3,
        "delta_mean": -0.008038465985139206,
        "delta_std": 0.009323585496687926,
        "p_value": 1.0
      }
    },
    "b": {
      "kind": "single",
      "libero_long": {
        "n": 3,
        "mean": 0.5576383676962852,
        "std": 0.01933990582674158,
        "ci95_half": 0.04804686699074195,
        "values": [
          0.5694709408879279,
          0.5353201112146377,
          0.5681240509862899
        ]
      },
      "libero_spatial": {
        "n": 3,
        "mean": 0.7818843676962852,
        "std": 0.014029342755007822,
        "ci95_half": 0.03485363224392483,
        "values": [
          0.793345940887928,
          0.7662391112146377,
          0.7860680509862898
        ]
      },
      "vs_baseline_long": {
        "n_pairs": 3,
        "delta_mean": -0.011699753232479107,
        "delta_std": 0.014321831571867102,
        "p_value": 1.0
      },
      "vs_baseline_spatial": {
        "n_pairs": 3,
        "delta_mean": -0.020120753232479083,
        "delta_std": 0.011321193207305616,
        "p_value": 1.0
      }
    },
    "c": {
      "kind": "single",
      "libero_long": {
        "n": 3,
        "mean": 0.5503598742554981,
        "std": 0.0031451261672501844,
        "ci95_half": 0.007813557107295982,
        "values": [
          0.5496435868721008,
          0.5538013631916046,
          0.5476346727027893
        ]
      },
      "libero_spatial": {
        "n": 3,
        "mean": 0.7834228742554982,
        "std": 0.0007992960603335263,
        "ci95_half": 0.0019857217424485932,
        "values": [
          0.7839445868721008,
          0.7838213631916046,
          0.7825026727027893
        ]
      },
      "vs_baseline_long": {
        "n_pairs": 3,
        "delta_mean": -0.018978246673266086,
        "delta_std": 0.010078714943961883,
        "p_value": 1.0
      },
      "vs_baseline_spatial": {
        "n_pairs": 3,
        "delta_mean": -0.01858224667326606,
        "delta_std": 0.005076332305499725,
        "p_value": 1.0
      }
    },
    "ab": {
      "kind": "pair",
      "libero_long": {
        "n": 3,
        "mean": 0.5672463676962852,
        "std": 0.022305415481509994,
        "ci95_half": 0.05541419593323375,
        "values": [
          0.5886209408879279,
          0.5441141112146378,
          0.5690040509862899
        ]
      },
      "libero_spatial": {
        "n": 3,
        "mean": 0.7846883676962851,
        "std": 0.016143170145459927,
        "ci95_half": 0.04010509439582461,
        "values": [
          0.800920940887928,
          0.7686361112146377,
          0.78450805098629
        ]
      },
      "vs_baseline_long": {
        "n_pairs": 3,
        "delta_mean": -0.002091753232479084,
        "delta_std": 0.019826699681556308,
        "p_value": 0.0328435580425237
      },
      "vs_baseline_spatial": {
        "n_pairs": 3,
        "delta_mean": -0.017316753232479054,
        "delta_std": 0.014458268602498419,
        "p_value": 1.0
      }
    },
    "ac": {
      "kind": "pair",
      "libero_long": {
        "n": 3,
        "mean": 0.5770146549436251,
        "std": 0.01626800269360939,
        "ci95_half": 0.040415220664834633,
        "values": [
          0.5715150055322646,
          0.5642093099651336,
          0.595319649333477
        ]
      },
      "libero_spatial": {
        "n": 3,
        "mean": 0.792705654943625,
        "std": 0.008811854622355795,
        "ci95_half": 0.021891627124505784,
        "values": [
          0.7908320055322646,
          0.7849813099651336,
          0.802303649333477
        ]
      },
      "vs_baseline_long": {
        "n_pairs": 3,
        "delta_mean": 0.007676534014860792,
        "delta_std": 0.009539641694641972,
        "p_value": 0.9854458004345976
      },
      "vs_baseline_spatial": {
        "n_pairs": 3,
        "delta_mean": -0.0092994659851392,
        "delta_std": 0.004573397097283201,
        "p_value": 1.0
      }
    },
    "bc": {
      "kind": "pair",
      "libero_long": {
        "n": 3,
        "mean": 0.5774103676962853,
        "std": 0.011796186411354838,
        "ci95_half": 0.02930571661422892,
        "values": [
          0.590498940887928,
          0.5741321112146378,
          0.56760005098629
        ]
      },
      "libero_spatial": {
        "n": 3,
        "mean": 0.7897703676962852,
        "std": 0.010470186739957872,
        "ci95_half": 0.02601148496635375,
        "values": [
          0.8018599408879279,
          0.7836451112146378,
          0.7838060509862899
        ]
      },
      "vs_baseline_long": {
        "n_pairs": 3,
        "delta_mean": 0.00807224676752094,
        "delta_std": 0.015703333042535184,
        "p_value": 0.5677107968045174
      },
      "vs_baseline_spatial": {
        "n_pairs": 3,