{
  "num_episodes": 50,
  "ep_len": 200,
  "boundaries_per_ep": [
    2,
    4
  ],
  "pulse_width": 3,
  "tolerance": 0.05,
  "seed": 0,
  "beta_stats": {
    "mean": 0.28605690598487854,
    "std": 0.23888546228408813,
    "above_0.5": 0.1401,
    "total": 10000
  },
  "sweep": [
    {
      "eps": 0.05,
      "actual_rate": 0.0473,
      "final_threshold": 0.9415658473968502,
      "total_steps": 10000
    },
    {
      "eps": 0.1,
      "actual_rate": 0.1001,
      "final_threshold": 0.633618062734604,
      "total_steps": 10000
    },
    {
      "eps": 0.2,
      "actual_rate": 0.1979,
      "final_threshold": 0.3948710024356842,
      "total_steps": 10000
    },
    {
      "eps": 0.3,
      "actual_rate": 0.2989,
      "final_threshold": 0.313277006149292,
      "total_steps": 10000
    }
  ],
  "verdict": "PASS"
}